DDB0202345|JC1V2_0_00883|1|1|2149459|2149655
2	49	48	50	47	46	45	51	44	52	43	53	42	54	55	56	121	41	122	20	120	40	21	188	119	22	23	193	32	28	194	30	31	195	33	34	35	36	37	38	39	26	27	29	25	192	191	190	189	24	19	123	169	187	118	18	117	57	124	116	17	170	3	16	115	15	114	186	168	171	125	14	113	112	1	111	11	13	58	185	167	12	7	126	172	6	110	9	8	10	5	184	166	127	173	0	165	183	174	4	59	128	164	182	175	109	181	176	129	180	163	130	177	179	178	162	131	60	145	146	132	144	161	148	147	149	143	151	108	160	150	133	152	142	140	139	159	153	138	141	134	158	156	137	154	157	136	135	155	61	73	72	74	107	71	62	70	75	106	95	69	63	96	94	93	76	68	105	67	97	64	92	87	86	65	66	77	88	104	78	98	79	91	83	89	85	82	81	80	84	90	103	99	100	102	101
49	48	50	47	46	45	51	44	52	43	53	42	54	55	56	121	41	122	20	120	40	21	188	119	22	23	1	193	39	194	195	38	30	192	191	25	26	37	28	29	27	31	32	33	34	36	35	189	190	24	19	123	169	187	118	0	117	57	2	124	116	170	115	114	186	168	171	125	113	18	3	7	112	11	6	4	111	5	8	58	10	185	167	9	126	16	172	15	14	110	12	13	17	166	184	127	173	165	183	174	59	128	164	182	175	109	181	176	129	180	163	130	177	179	178	162	131	60	145	146	132	144	161	148	147	149	143	151	108	160	150	133	152	142	140	139	159	153	138	141	134	158	156	137	154	157	136	135	155	61	73	72	74	107	71	62	70	75	106	95	69	63	96	94	93	76	68	105	67	97	64	92	87	86	65	66	77	88	104	78	98	79	91	83	89	85	82	81	80	84	90	103	99	100	102	101
49	48	50	47	46	2	45	51	1	44	52	43	53	42	54	55	56	121	41	122	20	120	40	21	188	119	22	23	193	195	38	194	39	36	37	35	34	33	32	31	192	191	30	29	28	27	26	25	189	190	24	19	123	169	187	118	3	18	117	57	124	116	170	115	0	16	114	17	168	186	15	171	125	113	5	14	11	112	6	10	111	7	12	9	58	13	185	167	126	172	8	110	4	184	166	127	173	165	183	174	59	128	164	182	175	109	181	176	129	180	163	130	177	179	178	162	131	60	145	146	132	144	161	148	147	149	143	151	108	160	150	133	152	142	140	139	159	153	138	141	134	158	156	137	154	157	136	135	155	61	73	72	74	107	71	62	70	75	106	95	69	63	96	94	93	76	68	105	67	97	64	92	87	86	65	66	77	88	104	78	98	79	91	83	89	85	82	81	80	84	90	103	99	100	102	101
49	48	50	47	46	45	51	44	2	52	43	53	1	42	54	55	56	121	41	122	20	120	40	21	188	119	22	23	193	39	194	195	38	30	192	191	25	26	27	37	29	28	31	32	33	35	36	34	189	190	24	19	123	169	187	0	118	18	117	57	124	116	16	170	3	17	115	15	114	186	168	171	125	113	14	5	6	4	112	12	10	11	7	8	111	9	58	13	167	185	126	172	110	184	166	127	173	165	183	174	59	128	164	182	175	109	181	176	129	180	163	130	177	179	178	162	131	60	145	146	132	144	161	148	147	149	143	151	108	160	150	133	152	142	140	139	159	153	138	141	134	158	156	137	154	157	136	135	155	61	73	72	74	107	71	62	70	75	106	95	69	63	96	94	93	76	68	105	67	97	64	92	87	86	65	66	77	88	104	78	98	79	91	83	89	85	82	81	80	84	90	103	99	100	102	101

DDB0216615|JC1V2_0_00767|1|1|1931026|1931475
130	129	128	127	126	131	124	125	123	122	132	121	377	195	378	176	120	379	194	376	380	119	177	381	382	99	133	98	372	371	373	374	370	369	368	367	366	375	351	365	360	352	353	354	355	356	364	358	359	357	361	362	363	118	416	418	350	415	383	414	417	384	349	385	419	134	420	348	100	413	433	386	347	421	432	328	423	178	97	175	422	431	135	346	424	427	283	430	425	236	387	428	429	287	286	288	284	285	426	237	434	388	329	96	282	310	150	148	149	136	309	311	151	147	101	327	308	412	95	146	435	152	137	307	145	154	153	144	196	143	138	312	94	235	330	142	436	306	174	139	117	141	140	437	93	389	331	155	116	345	438	313	289	238	326	115	114	113	173	156	439	197	332	112	344	102	281	92	314	239	440	105	104	103	179	106	441	290	107	333	343	442	62	193	27	315	157	411	325	334	443	111	444	342	198	445	63	240	172	446	108	291	110	109	335	447	60	28	280	61	26	305	341	91	324	180	448	59	390	340	316	323	292	234	336	36	339	64	35	199	337	279	86	338	58	87	90	322	89	34	88	317	304	37	158	321	318	192	33	293	65	319	320	241	29	32	57	30	31	85	391	171	200	410	303	278	66	294	38	56	84	181	242	302	83	25	277	201	233	295	301	191	392	39	67	409	82	202	170	300	203	55	243	182	204	206	276	205	81	54	207	159	299	208	24	53	296	80	209	190	297	408	298	210	275	68	393	219	211	220	79	40	183	169	5	52	232	69	189	244	6	221	160	218	407	78	7	4	212	274	23	70	8	222	213	217	214	188	394	184	216	71	215	187	185	273	186	3	161	77	245	231	9	51	272	406	168	271	72	22	2	74	75	73	223	395	270	76	0	162	1	10	41	167	163	230	166	165	164	269	246	224	21	405	229	228	268	227	50	396	11	226	225	247	42	404	267	49	397	248	266	20	43	12	44	403	265	13	45	398	48	400	19	264	249	399	47	46	401	402	14	263	250	251	262	18	15	252	16	261	17	256	259	253	254	257	260	255	258
130	129	128	127	126	131	124	125	123	122	132	121	377	195	378	176	120	379	194	376	380	119	177	381	382	99	133	98	355	356	357	358	361	366	362	359	360	363	353	354	372	352	351	371	367	368	369	370	365	375	374	373	364	118	416	418	350	415	383	414	417	384	349	385	419	134	420	348	100	413	433	386	347	421	432	328	423	178	97	175	422	431	135	346	424	427	283	430	425	236	387	287	285	286	288	284	428	429	426	237	434	388	329	96	282	310	150	148	149	136	309	311	151	147	101	327	308	412	95	146	435	152	137	307	145	154	153	144	196	143	138	312	94	235	330	142	436	306	174	139	117	141	140	437	93	389	331	155	116	345	438	313	289	238	326	115	114	113	173	156	439	197	332	112	344	102	281	92	314	239	440	105	104	103	179	106	441	290	107	333	343	442	62	193	27	315	157	411	325	334	443	111	444	342	198	445	63	240	172	446	108	291	110	109	335	447	60	28	280	61	26	305	341	91	324	180	448	59	390	340	316	323	292	234	336	36	339	64	35	199	337	279	86	338	58	87	90	322	89	34	88	317	304	37	158	321	318	192	33	293	65	319	320	241	29	32	57	30	31	85	391	171	200	410	303	278	66	294	38	56	84	181	242	302	83	25	277	201	233	295	301	191	392	39	67	409	82	202	170	300	203	55	243	182	204	206	276	205	81	54	207	159	299	208	24	53	296	80	6	209	190	297	408	298	210	275	68	393	219	211	220	79	40	183	169	52	232	69	189	244	221	160	218	407	78	7	212	5	274	23	70	222	213	217	214	188	394	184	216	71	215	187	185	2	273	186	161	77	8	245	231	51	272	406	168	9	271	72	22	4	74	75	73	223	395	270	76	3	162	41	167	163	230	166	165	164	269	246	224	21	405	10	229	228	268	227	50	396	226	225	247	1	42	404	267	49	397	248	266	20	11	43	44	403	265	45	398	12	48	400	13	19	14	264	249	399	0	47	46	401	402	15	263	250	18	251	262	17	16	252	261	256	259	253	254	257	260	258	255
130	129	128	127	126	131	124	125	123	122	132	121	377	195	378	176	120	379	194	376	380	119	177	381	382	99	133	98	364	354	355	356	361	357	358	352	365	360	359	353	370	351	369	366	367	368	363	375	374	373	372	371	362	118	416	418	350	415	383	414	417	384	349	385	419	134	420	348	100	413	433	386	347	421	432	328	423	178	97	175	422	431	135	346	424	427	283	430	425	236	387	428	429	284	285	286	287	288	426	237	434	388	329	96	282	310	150	148	149	136	309	311	151	147	101	327	308	412	95	146	435	152	137	307	145	154	153	144	196	143	138	312	94	235	330	142	436	306	174	139	117	141	140	437	93	389	331	155	116	345	438	313	289	238	326	115	114	113	173	156	439	197	332	112	344	102	281	92	314	239	440	105	104	103	179	106	441	290	107	333	343	442	62	193	27	315	157	411	325	334	443	111	444	342	198	445	63	240	172	446	108	291	110	109	335	447	60	28	280	61	26	305	341	91	324	180	448	59	390	340	316	323	292	234	336	36	339	64	35	199	337	279	86	338	58	87	90	322	89	34	88	317	304	37	158	321	318	192	33	293	65	319	320	241	29	32	57	30	31	85	391	171	200	410	303	278	66	294	38	56	84	181	242	302	83	25	277	201	233	295	301	191	392	39	67	409	82	202	170	300	203	55	243	182	204	206	276	205	81	54	207	159	299	208	24	53	296	80	209	190	297	408	298	210	275	68	393	6	219	211	220	79	40	183	169	4	52	232	69	7	189	244	5	221	160	218	407	78	212	274	23	70	222	213	217	3	214	188	394	8	184	216	71	215	187	185	273	186	161	77	9	245	231	51	272	406	168	271	72	22	74	75	73	223	395	270	76	162	2	41	167	10	163	230	1	166	165	164	269	246	224	21	0	405	229	228	268	227	50	396	226	225	247	11	42	404	267	49	397	248	266	20	43	44	12	403	265	45	398	48	400	14	19	264	249	399	47	46	13	401	402	263	250	15	18	251	262	17	16	252	261	256	259	253	254	260	257	258	255
130	129	128	127	126	131	124	125	123	122	132	121	377	195	378	176	120	379	194	376	380	119	177	381	382	99	133	98	364	354	355	356	361	357	358	352	365	360	359	353	370	351	369	366	367	368	363	375	374	373	372	371	362	118	416	418	350	415	383	414	417	384	349	385	419	134	420	348	100	413	433	386	347	421	432	328	423	178	97	175	422	431	135	346	424	427	283	430	425	236	387	428	429	284	285	286	287	288	426	237	434	388	329	96	282	310	150	148	149	136	309	311	151	147	101	327	308	412	95	146	435	152	137	307	145	154	153	144	196	143	138	312	94	235	330	142	436	306	174	139	117	141	140	437	93	389	331	155	116	345	438	313	289	238	326	115	114	113	173	156	439	197	332	112	344	102	281	92	314	239	440	105	104	103	179	106	441	290	107	333	343	442	62	193	27	315	157	411	325	334	443	111	444	342	198	445	63	240	172	446	108	291	110	109	335	447	60	28	280	61	26	305	341	91	324	180	448	59	390	340	316	323	292	234	336	36	339	64	35	199	337	279	86	338	58	87	90	322	89	34	88	317	304	37	158	321	318	192	33	293	65	319	320	241	29	32	57	30	31	85	391	171	200	410	303	278	66	294	38	56	84	181	242	302	83	25	277	201	233	295	301	191	392	39	67	409	82	202	170	4	300	203	55	243	182	204	206	276	205	81	54	207	159	299	208	3	24	53	6	296	80	209	190	297	408	298	210	275	68	393	219	211	5	220	79	40	183	7	169	52	232	69	189	244	221	160	218	407	78	2	8	212	274	23	70	222	213	217	214	188	394	9	184	216	71	215	187	185	273	186	161	77	245	231	51	272	406	168	271	72	22	74	75	73	223	395	270	76	162	41	1	167	163	230	10	166	165	164	269	246	224	21	405	229	228	0	268	227	50	396	226	225	247	42	404	267	49	397	11	248	266	20	43	12	44	403	265	45	398	14	48	400	19	264	249	399	47	13	46	401	402	15	263	250	18	251	262	17	16	252	261	259	256	253	257	254	260	258	255

DDB0190263|JC1V2_0_01106|1|-1|2768925|2768957
15	16	14	13	0	12	17	11	4	5	3	18	10	2	1	7	6	9	8	19	20	21	22	23	24	31	25	26	27	29	30	28
16	15	13	14	12	17	10	11	8	9	18	6	7	5	2	0	1	19	4	20	21	22	23	24	3	31	25	26	27	29	30	28
0	16	13	15	14	4	12	5	11	17	10	3	18	1	8	9	7	2	6	19	20	21	22	23	24	31	25	26	27	29	30	28
4	14	13	12	16	15	0	11	10	1	5	8	6	9	2	17	7	3	18	19	20	21	22	23	24	31	25	26	27	29	30	28

